0	© 2026 SAVEN Core. All rights reserved. “Inc.” is not added unless the legal company name is confirmed.	© 2026 SAVEN Core. All rights reserved. «Inc.» не добавляется, пока юридическое название компании не подтверждено.
1	A controlled interface between human context and systems that may use authorized information. It is a structured representation with permissions, minimization, and accountable use — not a claim of a finished commercial product.	Контролируемый интерфейс между человеческим контекстом и системами, которые могут использовать авторизованную информацию. Это структурированное представление с разрешениями, минимизацией и подотчётным использованием — не заявление о готовом коммерческом продукте.
2	A full CMS and database are deferred. Optional Vercel Blob may support durable Media when configured. Do not claim delivery or persistence without environment setup.	Полный CMS и база данных отложены. Опциональный Vercel Blob может поддерживать устойчивое Media при настройке. Не заявляйте доставку или сохранность без настройки окружения.
3	A Knowledge Object is a structured engineering object associated with a published knowledge destination. It carries classified fields such as type, maturity, and relationships — and must not fabricate owners, version history, Validated maturity, or evidence upgrades without authorization.	Knowledge Object — структурированный инженерный объект, связанный с опубликованным разделом знаний. Он несёт классифицированные поля вроде типа, зрелости и связей — и не должен выдумывать владельцев, историю версий, Validated maturity или повышения evidence без авторизации.
4	A lab focused on robotics and physical assistance engineering under human purpose and safety discipline. It is not a showroom of completed consumer products.	Лаборатория, сосредоточенная на робототехнике и инженерии физической помощи в рамках человеческой цели и дисциплины безопасности. Это не витрина готовых потребительских продуктов.
5	A visitor should understand within about twenty seconds that SAVEN Core exists to help people, that BioMath Core is the human intelligence foundation, that SAVEN connects intelligence with physical assistance, that AI and robotics are tools, that systems are in development, and that safety, privacy, and human control are foundational.	Посетитель примерно за двадцать секунд должен понять: SAVEN Core существует, чтобы помогать людям; BioMath Core — основа человеческого интеллекта; SAVEN соединяет понимание с физической помощью; ИИ и робототехника — инструменты; системы в разработке; безопасность, конфиденциальность и человеческий контроль фундаментальны.
6	AI Decision Support	Поддержка решений с ИИ
7	AI Decision Support assists interpretation and option evaluation without claiming autonomous decision authority. Human oversight remains foundational.	AI Decision Support помогает интерпретации и оценке вариантов, не заявляя автономного права на решения. Человеческий надзор остаётся фундаментальным.
8	An internal structured registry of knowledge entities used to keep relationships and navigation honest. Agents must not invent entities unless explicitly authorized.	Внутренний структурированный реестр сущностей знаний для честных связей и навигации. Агентам нельзя выдумывать сущности без явной авторизации.
9	Analytics and live cookie consent CMP remain pending owner decisions. Search Console may be used as owner operations without inventing Google Analytics claims.	Аналитика и живой cookie consent CMP остаются ожидающими решениями владельца. Search Console может использоваться как операции владельца без выдуманных заявлений о Google Analytics.
10	Applications	Применения
11	Architecture is the footer column that lists published Systems destinations. Domain routes remain under /systems/. Page bodies and primary naming stay Systems; the column helps visitors discover architecture depth.	Architecture — колонка футера со списком опубликованных разделов Systems. Маршруты остаются /systems/. Тела страниц и основное именование остаются Systems; колонка помогает находить архитектурную глубину.
12	Artificial Intelligence	Искусственный интеллект
13	Artificial Intelligence is a published technology discipline. Public copy says SAVEN Core uses, refines, advances, and applies AI — it does not claim to create AI.	Artificial Intelligence — опубликованная технологическая дисциплина. Публичные тексты говорят, что SAVEN Core использует, уточняет, развивает и применяет ИИ — и не заявляет, что создаёт ИИ.
14	Automation	Автоматизация
15	Automation and Robotics describe controlled motion and physical assistance concepts under human purpose, safety limits, and development status — not a product catalog or deployment claims.	Automation и Robotics описывают контролируемое движение и концепции физической помощи в рамках человеческой цели, пределов безопасности и статуса разработки — не каталог продуктов и не заявления о развёртывании.
16	Because inventing publications, performance results, customers, or traction is prohibited. Only approved, real materials may appear when supplied.	Потому что выдумывать публикации, результаты производительности, клиентов или traction запрещено. Появляться могут только одобренные реальные материалы, когда они предоставлены.
17	BioMath Life → BioMath Core → SAVEN → SAVEN Core — a continuous path, not unrelated projects.	BioMath Life → BioMath Core → SAVEN → SAVEN Core — непрерывный путь, а не несвязанные проекты.
18	BioMath Life → BioMath Core → SAVEN → SAVEN Core.	BioMath Life → BioMath Core → SAVEN → SAVEN Core.
19	Brochure-level conversation path — no fake traction.	Брошюрный путь для разговора — без фальшивого traction.
20	Clinical Interfaces	Клинические интерфейсы
21	Clinical Interfaces describe careful interaction surfaces for clinical and care contexts. They do not claim medical device clearance, clinical outcomes, or operational hospital deployment.	Clinical Interfaces описывают аккуратные поверхности взаимодействия для клинических и care-контекстов. Они не заявляют о clearance медицинских устройств, клинических исходах или операционном развёртывании в больницах.
22	Communication between devices and shared tasks — with people remaining in command.	Связь между устройствами и совместные задачи — при сохранении командования людьми.
23	Communication Layer	Слой коммуникации
24	Completed products, deployed systems, customers, partners, approvals, patents, performance results, commercial availability, medical outcomes, team size, revenue, investment, market traction, and technical specifications beyond what is explicitly supplied and approved.	Завершённые продукты, развёрнутые системы, клиентов, партнёров, одобрения, патенты, результаты производительности, коммерческую доступность, медицинские исходы, размер команды, выручку, инвестиции, рыночный traction и технические спецификации сверх явно предоставленного и одобренного.
25	Contact	Контакты
26	Current public content primarily uses Research, Architecture, and In Development. Operational must not be claimed unless true.	Текущий публичный контент в основном использует Research, Architecture и In Development. Operational нельзя заявлять, если это не соответствует действительности.
27	Current status, last updated date, short status explanation, and public or restricted classification.	Текущий статус, дата последнего обновления, краткое объяснение статуса и классификация public или restricted.
28	Direction and orientation — not guarantees, dates as promises, or invented results.	Направление и ориентация — не гарантии, не даты как обещания и не выдуманные результаты.
29	Do not send urgent medical, emergency, or personal health information through this channel.	Не отправляйте через этот канал срочную медицинскую, экстренную или личную информацию о здоровье.
30	Drone Systems	Дрон-системы
31	English (canonical), Spanish, German, French, Japanese, Chinese (Simplified), Arabic, Hebrew, Ukrainian, and Russian.	Английский (канонический), испанский, немецкий, французский, японский, китайский (упрощённый), арабский, иврит, украинский и русский.
32	English (United States) is the canonical source language. Localized variants reference the English source.	Английский (США) — канонический исходный язык. Локализованные варианты опираются на английский источник.
33	Ethics and Responsible Use	Этика и ответственное использование
34	Explicit non-claims to keep reading honest.	Явные «не-заявления», чтобы чтение оставалось честным.
35	Formal legal entity name details remain an owner pending decision. The public copyright line uses SAVEN Core without adding “Inc.” unless confirmed.	Формальные детали юридического имени остаются ожидающим решением владельца. Публичная строка copyright использует SAVEN Core без «Inc.», пока не подтверждено.
36	Foundation	Основание
37	From human understanding to physical assistance.	От понимания человека к физической помощи.
38	Future extensions may include medical technologies, industry, infrastructure, agriculture, security, defense, drone operations, and other physical environments. They remain extensions of the human-support foundation and must not replace it.	Будущие расширения могут включать медицинские технологии, промышленность, инфраструктуру, сельское хозяйство, безопасность, оборону, дрон-операции и другие физические среды. Они остаются расширениями основы поддержки человека и не должны её заменять.
39	Glossary-style answers for terms used on the published site and content model.	Ответы в стиле глоссария по терминам опубликованного сайта и модели контента.
40	Helping people. Robotics, drones, industrial systems, infrastructure, agriculture, security, and other applications are extensions of the underlying technology foundation. They must not replace or obscure the primary human purpose.	Помогать людям. Робототехника, дроны, промышленные системы, инфраструктура, сельское хозяйство, безопасность и другие применения — расширения технологической основы. Они не должны заменять или затенять главную человеческую цель.
41	Honest limits support trust. The site should state what is intended, what is current, and what is not claimed — including medical, legal, and product boundaries.	Честные пределы поддерживают доверие. Сайт должен ясно говорить, что намечено, что актуально и что не заявляется — включая медицинские, юридические и продуктовые границы.
42	How to read Research, Architecture, In Development, and related labels.	Как читать Research, Architecture, In Development и связанные метки.
43	Human Data	Человеческие данные
44	Human Data concerns careful collection and use of information about people and life context — biological, medical, behavioral, environmental, and related signals — under privacy, permissions, and minimization principles.	Human Data касается аккуратного сбора и использования информации о людях и жизненном контексте — биологических, медицинских, поведенческих, средовых и связанных сигналов — в рамках конфиденциальности, разрешений и минимизации.
45	Human Data Model	Модель человеческих данных
46	Human Oversight	Человеческий надзор
47	Human Oversight means people remain responsible for meaningful control and review. Assistance systems should not claim autonomous decision authority where human judgment is required.	Human Oversight означает, что люди остаются ответственными за значимый контроль и проверку. Системы помощи не должны заявлять автономное право на решения там, где требуется человеческое суждение.
48	Human-first application areas are in development. Extensions must not obscure the primary purpose.	Человеко-ориентированные области применения находятся в разработке. Расширения не должны затенять главную цель.
49	info@savencore.com. The Contact page form sends via SMTP when configured, otherwise prepares a mailto message to the same address.	info@savencore.com. Форма Contact отправляет через SMTP, если настроено, иначе готовит mailto на тот же адрес.
50	Intelligent systems built to support human life.	Интеллектуальные системы, созданные для поддержки человеческой жизни.
51	Internal Future Lab	Internal Future Lab
52	Internal Future Lab explores longer-horizon research and architecture directions. Content remains directional and descriptive — not a guarantee of future products or dates.	Internal Future Lab исследует более дальние направления исследований и архитектуры. Контент остаётся направленным и описательным — не гарантией будущих продуктов или дат.
53	Interoperability	Интероперабельность
54	Interoperability describes controlled exchange between systems under defined permissions and boundaries — engineering architecture language, not a claim of universal compatibility today.	Interoperability описывает контролируемый обмен между системами в рамках определённых разрешений и границ — язык инженерной архитектуры, а не заявление о всеобщей совместимости сегодня.
55	Investor Contact	Контакт для инвесторов
56	Investors pages describe company direction and a careful contact path for long-horizon dialogue. They must not invent revenue, investment rounds, customers, partners, patents, or market traction.	Страницы Investors описывают направление компании и осторожный контактный путь для долгосрочного диалога. Они не должны выдумывать выручку, раунды инвестиций, клиентов, партнёров, патенты или рыночный traction.
57	It is distinct from the Robotics Layer page. Status remains development-oriented — not an Operational product claim.	Он отличается от страницы Robotics Layer. Статус остаётся ориентированным на разработку — не заявление об Operational-продукте.
58	It must not look like a generic AI startup, a SaaS landing page, a robotics product catalog, a medical claims website, a science-fiction entertainment site, a collection of unrelated future concepts, or a standard corporate template.	Он не должен выглядеть как типичный AI-стартап, SaaS-лендинг, каталог робототехники, сайт медицинских утверждений, развлекательная sci-fi площадка, набор несвязанных будущих концепций или стандартный корпоративный шаблон.
59	Knowledge Engine	Knowledge Engine
60	Knowledge Engine is a Systems destination for organizing governed engineering knowledge across systems. A Knowledge Object is the structured record pattern used for published knowledge pages.	Knowledge Engine — раздел Systems для организации управляемых инженерных знаний между системами. Knowledge Object — структурированный шаблон записи для опубликованных страниц знаний.
61	Labs are places of research and engineering work. Systems describe architecture. Flagship destinations such as SAVEN Robotics Interface connect both without inventing deployment claims.	Labs — места исследований и инженерной работы. Systems описывают архитектуру. Флагманские разделы вроде SAVEN Robotics Interface связывают оба без выдуманных заявлений о развёртывании.
62	Layer names such as Safety Layer, Communication Layer, and Robotics Layer describe architectural planes of responsibility — not product SKUs or Operational modules for sale.	Названия Layer вроде Safety Layer, Communication Layer и Robotics Layer описывают архитектурные плоскости ответственности — не SKU продуктов и не Operational-модули на продажу.
63	Legal	Юридическое
64	Limitations	Ограничения
65	Major public destinations highlighted for orientation — including Labs, SAVEN Robotics Interface, Internal Future Lab, and Investors — without turning Home into a sitemap.	Крупные публичные разделы для ориентации — включая Labs, SAVEN Robotics Interface, Internal Future Lab и Investors — без превращения Home в карту сайта.
66	Master Spec technology themes also include autonomous systems, machine perception, human-machine interaction, simulation, safety architecture, and privacy architecture — presented carefully and without product claims.	Темы Master Spec также включают автономные системы, машинное восприятие, взаимодействие человека и машины, симуляцию, архитектуру безопасности и архитектуру конфиденциальности — представлены осторожно и без продуктовых утверждений.
67	Media	Медиа
68	Media provides brand and media materials that have been published for download or viewing. It is not a press-claim surface inventing coverage metrics.	Media предоставляет брендовые и медиаматериалы, опубликованные для скачивания или просмотра. Это не поверхность с выдуманными метриками освещения в прессе.
69	Medical Disclaimer	Медицинский отказ от ответственности
70	Mission	Миссия
71	No. AI and robotics are tools, not the purpose. Human support is primary.	Нет. ИИ и робототехника — инструменты, а не цель. Главное — поддержка людей.
72	No. All principal systems are currently in development. The website must never present development-stage concepts as completed or commercially available products.	Нет. Все основные системы сейчас в разработке. Сайт никогда не должен представлять концепции стадии разработки как завершённые или коммерчески доступные продукты.
73	No. Application pages must not invent medical outcomes, approvals, or commercial availability. Medical Disclaimer and related legal drafts explain limits; they are structural drafts until counsel approval.	Нет. Страницы применений не должны выдумывать медицинские исходы, одобрения или коммерческую доступность. Medical Disclaimer и связанные юридические черновики объясняют пределы; они структурные до одобрения юристами.
74	No. Legal destinations are structural drafts until counsel approval. They must not be presented as effective law.	Нет. Юридические разделы — структурные черновики до одобрения юристами. Их нельзя представлять как действующее право.
75	No. Principal systems and application concepts are in development. The site must never present development-stage concepts as completed or commercially available products.	Нет. Основные системы и концепции применений находятся в разработке. Сайт никогда не должен представлять концепции стадии разработки как завершённые или коммерчески доступные продукты.
76	No. Public and documentation copy must say the company uses, refines, advances, or applies AI. Claims that SAVEN creates AI are prohibited.	Нет. Публичные и документационные тексты должны говорить, что компания использует, уточняет, развивает или применяет ИИ. Утверждения, что SAVEN создаёт ИИ, запрещены.
77	Owner-approved defaults currently include YouTube, X, Instagram, and Facebook in the footer when configured. LinkedIn remains hidden until an official URL is supplied. Unset networks stay hidden.	Одобренные владельцем значения по умолчанию сейчас включают YouTube, X, Instagram и Facebook в футере при наличии. LinkedIn скрыт, пока не будет официального URL. Незаданные сети остаются скрытыми.
78	Primary human applications must appear before future commercial and industrial extensions. These include hospitals, home, independent living, rehabilitation, everyday environments, outdoor assistance, emergency and remote assistance, and support across all ages.	Первичные человеческие применения должны появляться раньше будущих коммерческих и промышленных расширений. К ним относятся больницы, дом, независимая жизнь, реабилитация, повседневная среда, помощь на улице, экстренная и удалённая помощь, а также поддержка во всех возрастах.
79	Privacy and Security are first-class technology and trust topics. They describe architecture and responsibilities for protecting information and systems — not operational security disclosures or guarantees of perfection.	Privacy и Security — первоклассные темы технологий и доверия. Они описывают архитектуру и ответственность за защиту информации и систем — не операционные раскрытия безопасности и не гарантии совершенства.
80	Public channels that are actually authorized.	Публичные каналы, которые действительно авторизованы.
81	Public content may appear on the website. Restricted fields are structurally separate and must never serialize into public page payloads.	Публичный контент может появляться на сайте. Restricted-поля структурно отделены и никогда не должны попадать в публичные payload страниц.
82	Public content primarily uses Research, Architecture, and In Development status language.	Публичный контент в основном использует статусы Research, Architecture и In Development.
83	Published application destinations include Healthcare, Home, Hospitals, Emergency, Industrial, Government, Agriculture, and Research Applications — presented with honest In Development / Architecture framing where claims appear.	Опубликованные разделы применений включают Healthcare, Home, Hospitals, Emergency, Industrial, Government, Agriculture и Research Applications — с честной рамкой In Development / Architecture там, где есть утверждения.
84	Published narrative connects human context from the Human Data Model into SAVEN roles, events, and actions for executive devices — such as robots, manipulators, and sensors — then collects what happens and processes it again. When needed, understanding rises to BioMath Core.	Опубликованный нарратив связывает человеческий контекст из Human Data Model с ролями, событиями и действиями SAVEN для исполнительных устройств — роботов, манипуляторов и сенсоров — затем собирает происходящее и обрабатывает снова. При необходимости понимание поднимается к BioMath Core.
85	Published technology areas that support human understanding and careful physical systems.	Опубликованные технологические области, которые поддерживают понимание человека и аккуратные физические системы.
86	Published technology destinations include Human Data, Human Data Model, Data Infrastructure, Interoperability, Privacy, Security, Artificial Intelligence, Automation, and Robotics.	Опубликованные технологические разделы включают Human Data, Human Data Model, Data Infrastructure, Interoperability, Privacy, Security, Artificial Intelligence, Automation и Robotics.
87	Purpose	Миссия
88	Purpose and positioning: intelligent systems built to support human life.	Цель и позиционирование: интеллектуальные системы, созданные для поддержки человеческой жизни.
89	Report a Security Issue	Сообщить о проблеме безопасности
90	Research	Исследования
91	Research — exploratory or foundational investigation. Architecture — system design and structural definition. In Development — active engineering and implementation work. Prototype — early demonstration under controlled conditions. Validation — structured evaluation against defined criteria. Pilot — limited real-world trial under controlled scope. Operational — approved for defined operational use (not claimed unless true).	Research — исследовательская или базовая работа. Architecture — проектирование системы и структурное определение. In Development — активная инженерная реализация. Prototype — ранняя демонстрация в контролируемых условиях. Validation — структурированная оценка по критериям. Pilot — ограниченное реальное испытание. Operational — одобрено для определённого операционного использования (не заявляется, если это неверно).
92	Research Areas	Направления исследований
93	Research Disclaimer	Исследовательский отказ от ответственности
94	Research Notes	Исследовательские заметки
95	Research Overview, Research Areas, and Research Notes. They provide orientation and architecture-linked research framing without inventing publications, citations, or results.	Research Overview, Research Areas и Research Notes. Они дают ориентацию и исследовательскую рамку, связанную с архитектурой, без выдуманных публикаций, цитат или результатов.
96	Research, Architecture, In Development, Prototype, Validation, Pilot, and Operational.	Research, Architecture, In Development, Prototype, Validation, Pilot и Operational.
97	Responsible AI (legal draft)	Ответственный ИИ (юридический черновик)
98	Responsible AI and Ethics pages describe careful use, limits, and governance commitments. SAVEN Core uses and advances AI; it does not claim to create AI. Legal Responsible AI content remains draft-framed until counsel approval.	Страницы Responsible AI и Ethics описывают аккуратное использование, пределы и обязательства управления. SAVEN Core использует и развивает ИИ; не заявляет, что создаёт ИИ. Юридический контент Responsible AI остаётся в рамке черновика до одобрения юристами.
99	Roadmap	Дорожная карта
100	Roadmap presents Direction — a careful horizon for research and architecture. It is not a guarantee of delivery dates, funding outcomes, or commercial launch.	Roadmap представляет Direction — осторожный горизонт исследований и архитектуры. Это не гарантия сроков поставки, результатов финансирования или коммерческого запуска.
101	Robotics	Роботика
102	Robotics Lab	Robotics Lab
103	Robotics Layer	Слой робототехники
104	Robotics Layer and Drone Systems describe physical-system architecture directions under development. They are not presented as commercially available fleets or Operational products.	Robotics Layer и Drone Systems описывают направления архитектуры физических систем в разработке. Они не представлены как коммерчески доступные флоты или Operational-продукты.
105	Routes are locale-prefixed, for example /en/faq/. The root / redirects to /en/. Localized path slugs for page names remain an open owner decision; English path segments are used today.	Маршруты имеют префикс локали, например /en/faq/. Корень / перенаправляет на /en/. Локализованные slug путей остаются открытым решением владельца; сегодня используются английские сегменты.
106	Safety Layer	Слой безопасности
107	Safety, privacy, human oversight, transparency, ethics, and honest limits.	Безопасность, конфиденциальность, человеческий надзор, прозрачность, этика и честные пределы.
108	SAVEN Core develops intelligent systems designed to support people in hospitals, at home, outdoors, and in everyday environments — across every age and stage of life.	SAVEN Core разрабатывает интеллектуальные системы, предназначенные поддерживать людей в больницах, дома, на улице и в повседневной среде — в любом возрасте и на любом этапе жизни.
109	SAVEN Core develops intelligent systems that help people in hospitals, at home and wherever life happens — across every age and stage of life.	SAVEN Core разрабатывает интеллектуальные системы, которые помогают людям в больницах, дома и везде, где происходит жизнь — в любом возрасте и на любом этапе жизни.
110	SAVEN Core is the integrated company and technology structure combining the human intelligence foundation with physical systems.	SAVEN Core — интегрированная компания и технологическая структура, объединяющая основу человеческого интеллекта с физическими системами.
111	SAVEN Core uses and advances AI alongside robotics, autonomous systems, and engineering technologies meant to operate in real environments.	SAVEN Core использует и развивает ИИ вместе с робототехникой, автономными системами и инженерными технологиями, предназначенными для работы в реальной среде.
112	SAVEN Core uses and advances AI alongside robotics, autonomous systems, and engineering technologies. It does not claim to create AI.	SAVEN Core использует и развивает ИИ вместе с робототехникой, автономными системами и инженерными технологиями. Компания не заявляет, что создаёт ИИ.
113	SAVEN is the physical extension of the intelligence foundation. It connects human understanding and AI with robotics, autonomous systems, interfaces, sensors, and physical assistance.	SAVEN — физическое продолжение интеллектуальной основы. Он соединяет понимание человека и ИИ с робототехникой, автономными системами, интерфейсами, сенсорами и физической помощью.
114	SAVEN Robotics Interface focuses on device communication, shared tasks, and human command. Robotics Layer describes broader robotics architecture. Both are published Systems destinations and remain in development framing.	SAVEN Robotics Interface сосредоточен на связи устройств, совместных задачах и человеческом командовании. Robotics Layer описывает более широкую архитектуру робототехники. Оба — опубликованные разделы Systems в рамке разработки.
115	SAVEN Robotics Interface is a flagship systems destination describing how devices communicate, coordinate shared tasks, and keep people in command as capability grows.	SAVEN Robotics Interface — флагманский системный раздел о том, как устройства общаются, координируют совместные задачи и оставляют людей в командовании по мере роста возможностей.
116	SAVEN Robotics Lab	SAVEN Robotics Lab
117	SAVEN Robotics Lab and Internal Future Lab — research and development spaces.	SAVEN Robotics Lab и Internal Future Lab — пространства исследований и разработки.
118	SAVEN Robotics Lab and Internal Future Lab. Both are public destinations under Labs and use honest development status language.	SAVEN Robotics Lab и Internal Future Lab. Обе — публичные разделы Labs с честным языком статуса разработки.
119	Shared tasks means coordinated work between devices and systems under defined roles and communication — not unsupervised autonomy or a claim of finished multi-robot operations.	Совместные задачи означают координированную работу устройств и систем при определённых ролях и связи — не бесконтрольную автономию и не заявление о готовых мультироботных операциях.
120	Sign In / Sign Up	Вход / Регистрация
121	Sign In / Sign Up with email/password and Google is authorized as an account surface. It is not a full investor portal and must not be presented as one.	Sign In / Sign Up с email/паролем и Google авторизован как поверхность аккаунта. Это не полноценный investor portal и не должен так представляться.
122	Structured human context with permissions, minimization, and accountable use — the controlled interface between people-related information and systems.	Структурированный человеческий контекст с разрешениями, минимизацией и подотчётным использованием — контролируемый интерфейс между информацией о людях и системами.
123	Systems	Системы
124	Systems describe how technology areas connect into architecture — including Knowledge Engine, AI Decision Support, Safety Layer, Communication Layer, Clinical Interfaces, Robotics Layer, Drone Systems, and SAVEN Robotics Interface.	Systems описывают, как технологические области соединяются в архитектуру — включая Knowledge Engine, AI Decision Support, Safety Layer, Communication Layer, Clinical Interfaces, Robotics Layer, Drone Systems и SAVEN Robotics Interface.
125	Systems pages document architecture. The footer Architecture column maps the published Systems depth.	Страницы Systems документируют архитектуру. Колонка Architecture в футере показывает опубликованную глубину Systems.
126	Technology	Технологии
127	Technology Privacy	Технологическая конфиденциальность
128	Technology Security	Технологическая безопасность
129	Ten locales, English canonical, RTL prepared from the start.	Десять локалей, английский канонический, RTL подготовлен с самого начала.
130	The admin platform is a restricted internal surface under active development. It is not a public product claim and is not listed in the public sitemap.	Админ-платформа — ограниченная внутренняя поверхность в активной разработке. Это не публичное продуктовое заявление и не входит в публичный sitemap.
131	The Communication Layer covers governed exchange of signals and messages between systems and interfaces under controlled conditions — architecture language, not a live network product claim.	Communication Layer охватывает управляемый обмен сигналами и сообщениями между системами и интерфейсами в контролируемых условиях — язык архитектуры, а не заявление о готовом сетевом продукте.
132	The company combines human-centered intelligence, BioMath Core, artificial intelligence, robotics, autonomous systems, human-machine interaction, physical assistance technologies, and privacy and safety architecture.	Компания объединяет человекоцентричный интеллект, BioMath Core, искусственный интеллект, робототехнику, автономные системы, взаимодействие человека и машины, технологии физической помощи, а также архитектуру конфиденциальности и безопасности.
133	The foundation sequence explains origin and direction. Understanding people comes before physical assistance. Technology depth should always reconnect to human support.	Последовательность основания объясняет происхождение и направление. Понимание людей предшествует физической помощи. Технологическая глубина всегда должна возвращаться к поддержке человека.
134	The human data and intelligence foundation. It organizes personal context, longitudinal information, signals, patterns, permissions, privacy, and safe personalization.	Основа человеческих данных и интеллекта. Она организует личный контекст, продольную информацию, сигналы, паттерны, разрешения, конфиденциальность и безопасную персонализацию.
135	The Knowledge Engine organizes engineering knowledge, models, and governed references used across systems. It connects research, technology, and system definitions without inventing publications or results.	Knowledge Engine организует инженерные знания, модели и управляемые ссылки, используемые в системах. Он связывает исследования, технологии и определения систем без выдуманных публикаций или результатов.
136	The original human-centered vision focused on understanding the individual through biological, medical, behavioral, environmental, and life data.	Изначальное человекоцентричное видение, сосредоточенное на понимании человека через биологические, медицинские, поведенческие, средовые и жизненные данные.
137	The public hero line is Intelligence for the Physical World. The brand tagline is Turning Intelligence Into Human Care.	Публичная герой-строка: Intelligence for the Physical World. Слоган бренда: Turning Intelligence Into Human Care.
138	The Safety Layer describes limits, careful oversight, and safety architecture concepts for systems that may act in the physical world. It is not a claim of certified operational safety for a shipped product.	Safety Layer описывает пределы, аккуратный надзор и концепции архитектуры безопасности для систем, которые могут действовать в физическом мире. Это не заявление о сертифицированной операционной безопасности готового продукта.
139	The site should be understandable to the general public, families, healthcare professionals, engineers, researchers, potential employees, partners, investors, and government or institutional visitors.	Сайт должен быть понятен широкой публике, семьям, специалистам здравоохранения, инженерам, исследователям, потенциальным сотрудникам, партнёрам, инвесторам и государственным или институциональным посетителям.
140	These must appear as a continuous development path, not as unrelated brands or side projects.	Они должны выглядеть как непрерывный путь развития, а не как несвязанные бренды или побочные проекты.
141	This describes architecture and direction, not a shipped multi-device product suite.	Это описывает архитектуру и направление, а не поставленный набор продуктов для множества устройств.
142	Transparency	Прозрачность
143	Transparency is a governance commitment to understandable, bounded public explanation. It does not mean publishing restricted detail. Status and scope must remain visible.	Transparency — обязательство управления давать понятное, ограниченное публичное объяснение. Это не означает публикацию ограниченной детализации. Статус и объём должны оставаться видимыми.
144	Trust	Доверие
145	Trust includes Privacy, Security, Safety, Human Oversight, Transparency, Ethics and Responsible Use, and Limitations — plus related legal draft destinations.	Trust включает Privacy, Security, Safety, Human Oversight, Transparency, Ethics and Responsible Use и Limitations — плюс связанные юридические черновики.
146	Trust Privacy	Конфиденциальность (доверие)
147	Trust Security	Безопасность (доверие)
148	Use Investor Contact or the general Contact channel at info@savencore.com. Responses are careful and not a promise of deal process timelines.	Используйте Investor Contact или общий канал Contact на info@savencore.com. Ответы осторожны и не обещают сроков сделки.
149	Use the Report a Security Issue resource. The public contact pattern uses info@savencore.com. Do not send urgent medical or emergency information through general website channels.	Используйте ресурс Report a Security Issue. Публичный контактный канал — info@savencore.com. Не отправляйте срочную медицинскую или экстренную информацию через общие каналы сайта.
150	Yes. A Research Disclaimer legal draft exists and remains draft-framed until counsel approval.	Да. Существует юридический черновик Research Disclaimer и остаётся в рамке черновика до одобрения юристами.
151	Yes. Arabic and Hebrew are RTL locales. Architecture prepares for ten languages and RTL from the beginning.	Да. Арабский и иврит — RTL-локали. Архитектура с самого начала готовится к десяти языкам и RTL.
152	Yes. Public Interface language emphasizes that people remain in command as capability grows. Human oversight is a trust foundation across the site.	Да. Публичный язык Interface подчёркивает: люди остаются в командовании по мере роста возможностей. Человеческий надзор — основа доверия на всём сайте.